{
  "raw_data_dir": "/home/hugolucas/emotion_dataset/Audio_Speech_Actors_01-24",
  "data_dir": "/home/hugolucas/emotion_dataset/train",
  "test_dir": "/home/hugolucas/emotion_dataset/test",
  "file_type": ".wav",
  "emotion_index": 2,
  "p_train": 0.90,

  "audio_max_length": 5,

  "batch_size": 30,
  "iterations": 41,
  "test_iterations": 3,
  "log_interval": 10,
  "epochs": 50,
  "learning_rate": 0.0005,

  "lstm_layers": 5,
  "lstm_output_dim": 600,
  "dense_1_output_dim": 712,
  "dense_2_output_dim": 450,
  "dense_3_output_dim": 8,

  "avg_acc_train": "data/average_acc_train",
  "avg_acc_test": "data/average_acc_test",
  "avg_loss": "data/average_loss",
  "inst_acc": "data/accuracy",
  "inst_loss": "data/loss"
}